HomeName,Price,Space,Superhost,Rank
"Vintage Airstream in East Austin, T",Price$60,Entire place · 1 bed,YES,1
The Hideaway - Travis Heights SOCO,Price$179,Entire house · 2 beds,YES,2
Tiny House: Heart of the East Side,Price$89,Entire guesthouse · 1 bed,YES,3
Modern downtown loft on 6th St,Price$109,Entire apartment · 2 beds,YES,4
Garden Cottage in East Austin,Price$65,Entire place · 1 bed,YES,5
Backyard Cottage in Central Austin,Price$80,Entire apartment · 1 bed,YES,6
Modern Loft in the Middle of Austin,Price$89,Entire condominium · 2 beds,NO,7
"Zilker Park, Fun, Funky, Colorful, Peaceful Haven",Price$99,Entire guesthouse · 3 beds,YES,8
BRAND NEW HOUSE in Ultra-hip East Downtown Austin,"Price$1,299",Entire house · 10 beds,YES,9
Open &Chic Downtown AustinPoolHouse,Price$699,Entire house · 8 beds,YES,10
4bd/2ba Central Austin Retreat,Price$200,Entire house · 6 beds,YES,11
Atomic Ranch in Nucleus of S Austin,Price$95,Entire house · 5 beds,NO,12
SOCO South Congress ATX Your Modern Little House!!,Price$135,Entire house · 3 beds,YES,13
Historic Manor in Downtown Austin,Price$600,Entire house · 8 beds,NO,14
Travis Heights Bungalow 2/1,Price$125,Entire house · 4 beds,YES,15
private indulgence near downtown,Price$169,Entire house · 7 beds,YES,16
Crash pad and it ain't bad! (The Blue Room),Price$25,Private room · 1 bed,YES,17
Swanky Townhome on 6th Street!!,Price$500,Entire house · 9 beds,YES,18
SOCO Artist's Funky Guesthouse,Price$125,Entire house · 4 beds,YES,19
Downtown Hip Area-Sleep (URL HIDDEN),Price$70,Entire apartment · 4 beds,NO,20
Luxury garage apt close to downtown,Price$125,Entire apartment · 2 beds,YES,21
1bed+1 bath+Relaxing Dragonfly Cove,Price$36,Private room · 1 bed,YES,22
Amazing room 12 minutes from downtown,Price$15,Private room · 1 single bed,YES,23
Hip Retro Groovy LOFT South Austin Style,Price$128,Entire loft · 3 beds,YES,24
Downtown Austin - Tiny Tasteful 1,Price$99,Entire house · 2 beds,YES,25
Large House Downtown Austin,Price$125,Entire house · 8 beds,NO,26
Global Getaway in Hip East Austin,Price$275,Entire house · 5 beds,YES,27
Walk Downtown! Mod Home w/ 2nd Unit Upgrade Option,Price$88,Entire house · 7 beds,YES,28
Modern Spartan Mansion Guesthouse,Price$95,Entire place · 1 bed,YES,29
"Modern, nontoxic downtown apartment",Price$75,Entire apartment · 2 beds,YES,30
Private space in a welcoming home,Price$35,Private room · 1 bed,NO,31
SOCO Apt right in the middle of Weird,Price$150,Entire apartment · 11 beds,YES,32
South Congress Studio Apartment,Price$67,Entire apartment · 1 bed,YES,33
Modern 3BR Downtown Condo W/Balcony,Price$420,Entire apartment · 6 beds,NO,34
Your home away from home!,Price$55,Entire apartment · 1 bed,NO,35
Modern Guesthouse Near Zilker,Price$160,Entire guesthouse · 2 beds,YES,36
Tranquil East Austin Guesthouse: Autumn is Here!,Price$90,Entire house · 2 beds,YES,37
"Lofted, modern cottage east cent 02",Price$125,Entire house · 0 beds,YES,38
Bali Meets Austin in Artist's Home,Price$950,Entire house · 0 beds,YES,39
Bed + shared bath near Lady Bird Lake,Price$30,Private room · 1 queen bed,NO,40
3 Story House Over Lake Austin,Price$475,Entire house · 6 beds,YES,41
Private comfy BEST LOCATION groups family retreat,Price$70,Entire apartment · 9 beds,YES,42
Couple's Getaway - Fantastic Location - 2BD,Price$42,Entire apartment · 3 beds,NO,43
6th Street Skyline Townhouse!,Price$500,Entire townhouse · 9 beds,YES,44
"★Perfect for Couples, 5 Min from SoCo & DWTN★1",Price$51,Entire condominium · 2 beds,YES,45
"4 bedroom, 3 bath, Modern Luxury sleeps 10 in beds",Price$550,Entire house · 6 beds,YES,46
NAKRY 3,Price$78,Entire apartment · 1 bed,NO,47
Cozy Studio in the Heart of Austin 2,Price$55,Entire condominium · 2 beds,YES,48
The Marshall Studio in East Austin,Price$43,Entire house · 1 queen bed,YES,49
luxury apartment west Austin 10 min from downtown,Price$51,Entire apartment · 1 bed,NO,50
"Clean, Comfy & Stylish Room",Price$33,Private room · 1 bed,YES,51
Walk (5 Minutes) to Zilker Park and Barton Springs,Price$60,Entire apartment · 2 beds,NO,52
Swanky Studio,Price$75,Entire place · 1 bed,NO,53
Cozy Eastside Private Room in Holly Neighborhood!,Price$35,Private room · 1 bed,YES,54
East Austin Home,Price$32,Private room · 1 queen bed,NO,55
Modern & Tranquil Condo in Downtown Austin,Price$109,Entire condominium · 3 beds,NO,56
★ Downtown at Your Doorstep! Modern Luxury 6th St★,Price$450,Entire house · 8 beds,YES,57
One of a Kind SOCO Treehouse Studio,Price$125,Entire loft · 1 bed,NO,58
"Friendly, Funky Austin Private Apartment",Price$35,Private room · 2 beds,NO,59
"Cozy home near 6th, Rainey, Zilker, ACL, SXSW, F1",Price$112,Entire house · 10 beds,NO,60
"Eastside Cabana - Near UT,Downtown",Price$45,Entire house · 2 beds,YES,61
HEART OF AUSTIN - 6th Street Home,Price$700,Entire house · 9 beds,NO,62
An East Austin Traveler Paradise,Price$230,Entire house · 3 beds,YES,63
"31 - Luxury 1 Bed 1 Bath, University Park",Price$69,Entire apartment · 2 beds,YES,64
!Private Austin Room 6 miles to Downtown,Price$29,Private room · 1 queen bed,YES,65
"Downtown Modern, Best Location",Price$170,Entire house · 4 beds,NO,66
DeluXe SuiTe: Private Master Bedroom/Closet/Bath,Price$30,Private room · 2 beds,NO,67
TRENDY Rental Central NE Austin,Price$45,Entire house · 3 beds,YES,68
Luxury 1 bedroom MLK blvd near UT and downtown,Price$69,Entire apartment · 1 bed,NO,69
Couple's Getaway - Patio - Walk Everywhere !!!,Price$56,Entire apartment · 2 beds,NO,70
Serene and Modern Urban Paradise,Price$71,Entire house · 3 beds,YES,71
Cotton Street Suite: Central East!,Price$89,Entire apartment · 1 bed,YES,72
Downtown Spacious Craftsman on 14th,Price$160,Entire house · 6 beds,YES,73
HopSkipJump DownTown/UT 3+/2 Urban Eden,Price$298,Entire house · 8 beds,YES,74
Fun SoCo Home +Studio POOL/Hot Tub!,Price$185,Entire house · 7 beds,YES,75
Historic Downtown home. Sleeps 11!,Price$300,Entire house · 7 beds,YES,76
"Charming Austin 2BD1BA-Sleep 8- SXSW,ACL-Bar,Shop",Price$85,Entire apartment · 4 beds,NO,77
Downtown Austin - Tiny Tasteful 2,Price$105,Entire guesthouse · 2 beds,YES,78
Travis Heights Hideaway SoCo studio,Price$75,Entire apartment · 1 bed,YES,79
Spacious & Charming in Downtown ATX,Price$400,Entire house · 6 beds,NO,80
Hilltop retreat w spectacular city views,"Price$1,095",Entire house · 7 beds,YES,81
Tiny garage apartment #1 (no guests with cars),Price$13,Private room · 1 bed,YES,82
Bed + bath near Lady Bird Lake,Price$37,Private room · 1 bed,NO,83
5 blocks to East 6th! Walk Downtown!,Price$176,Entire house · 7 beds,YES,84
Luxury Family Retreat Near Downtown Austin,Price$153,Entire house · 3 beds,NO,85
Nakry 4,Price$68,Entire apartment · 1 bed,NO,86
Downtown Austin - Tiny Tasteful 3,Price$108,Entire house · 2 beds,YES,87
DOWNTOWN AUSTIN-SXSW-6thST-ACL-Walkable-Sleep 4,Price$88,Entire apartment · 3 beds,NO,88
Beautiful house 12 minutes from downtown,Price$21,Private room · 1 bed,YES,89
DOWNTOWN AUSTIN-Sleep 6-ACL-6th St-SXSW-FOR1-XGAME,Price$81,Entire apartment · 3 beds,NO,90
Vibrant Downtown ATX- 24/7 Access!,Price$29,Private room · 1 bed,NO,109
SXSW Downtown studio uptown style,Price$99,Entire apartment · 1 bed,YES,110
Rainey St Luxury Studio King Bed + Convention Cntr,Price$76,Entire apartment · 1 king bed,YES,111
Master Suite (it's pretty sweet!),Price$35,Private room · 2 beds,YES,112
Stay on 6th ST - 0.35 Miles to Convention Center,Price$90,Entire condominium · 7 beds,YES,113
2 blocks to Rainey! Walk downtown!,Price$70,Entire house · 6 beds,NO,114
Business & Group friendly. Select avails: Jan-Mar,Price$43,Entire house · 3 beds,YES,115
"Cozy/Private Room, Minutes to Downtown!",Price$40,Private room · 1 double bed,YES,116
Unique Garden Oasis Home in East Austin,Price$119,Entire house · 6 beds,NO,117
Retro & Convenient to Downtown in Burnet District,Price$27,Entire apartment · 2 beds,NO,118
Simply Modern East Side Flat w/ 3 Pools!,Price$82,Entire apartment · 2 beds,NO,119
21 - Upscale 2bd 2ba★University Park★Prof Managed,Price$65,Entire apartment · 2 beds,YES,120
"Beautiful, cozy private room in Austin",Price$39,Private room · 2 beds,YES,121
W 6th St Retreat; Local~Austin~Vibe,Price$89,Entire condominium · 2 beds,NO,122
Bright & Cozy Room in 1950's East Austin Charmer,Price$50,Private room · 1 bed,YES,123
Tiny House Downtown w/ FREE Bikes! Open for SXSW!,Price$69,Entire house · 0 beds,YES,124
Blue Aggie - Tiny House at Community First Village,Price$62,Entire house · 1 double bed,YES,125
1 nice and large 1 bedroom apt downtown/rainey,Price$67,Entire condominium · 2 beds,NO,126
"Minutes to Convention Center, Sleeps 4",Price$90,Entire house · 2 beds,YES,127
Ruby - Tiny House at MLF Community First Village,Price$70,Entire bed & breakfast · 2 beds,YES,128
Casita Azul (Blue House),Price$98,Entire house · 2 beds,NO,129
"26-Upscale 1 bedroom, 1 bath - University Park",Price$69,Entire apartment · 1 king bed,YES,130
Christina’s Eastside Apartment & Lady Bird Lake,Price$50,Entire apartment · 1 bed,NO,131
Happy in the Heart of Hyde Park,Price$45,Entire apartment · 2 beds,NO,132
Tiny House 814 at the MLF Community First Village,Price$47,Entire house · 2 beds,YES,133
Luxury accomodations located on Rainey Street!,Price$89,Entire apartment · 2 beds,NO,134
Tiny House 815 at MLF Community First Village,Price$50,Entire house · 2 beds,YES,135
Bicycle bnb in South Central Austin,Price$75,Entire house · 4 beds,YES,136
Hyde Park Hideaway - Walk Everywhere!,Price$48,Entire apartment · 1 bed,NO,137
Gorgeous Renovated Bungalow! SXSW & Bachelorettes!,Price$90,Entire house · 5 beds,YES,138
The Heart Mender,Price$49,Entire house · 2 beds,NO,139
Modern & Spacious - Fantastic Location in ATX !,Price$25,Entire apartment · 2 beds,NO,140
Gorgeous Backyard Studio near S. Lamar,Price$75,Entire place · 2 beds,NO,141
Wonderful Downtown ATX Room!,Price$29,Private room · 1 bed,NO,142
Cozy house. Walk to SWSW events.,Price$49,Private room · 1 bed,NO,143
Tiny garage apartment #2 (no guests with cars),Price$12,Private room · 1 single bed,YES,144
Garden Bedroom,Price$45,Private room · 1 bed,NO,163
Mid Century Vibes in East Austin,Price$20,Private room · 1 bed,NO,164
Modern Eastside Austin Studio,Price$85,Entire apartment · 1 bed,NO,165
Beautiful private room close to all attractions,Price$33,Private room · 1 bed,YES,166
PRIVATE COTTAGE APT-Central Austin,Price$93,Entire house · 1 bed,YES,167
Queen Bed Private Room in Hostel-esque Style House,Price$25,Private room · 1 bed,YES,168
Entire Apartment in Central Austin,Price$69,Entire house · 1 bed,YES,169
Cozy home close to DWTN & UT,Price$40,Private room · 1 queen bed,YES,170
NEW + East Austin + Abode + Sleeps 14,Price$75,Entire house · 8 beds,YES,171
Resort-Style Luxury guest suite w POOL+kitchenette,Price$140,Entire guest suite · 2 beds,YES,172
Tiny Home Cottage for Two in Hip East DT! (L5),Price$69,Entire house · 1 bed,YES,173
»»» PRIVATE 2BR Oasis in the Heart Of Austin «««,Price$75,Entire house · 3 beds,NO,174
Quiet Room in E. Austin - Windsor Park/Mueller,Price$39,Private room · 1 bed,YES,175
"Eastside Container - Near Train, Downtown & UT",Price$45,Entire guesthouse · 1 queen bed,YES,176
Minutes to the heart of Austin!,Price$30,Private room · 1 double bed,NO,177
Breezy - Tiny House at MLF Community First Village,Price$52,Entire house · 1 double bed,YES,178
Xeriscape Bungalow in Hip E. Austin,Price$95,Entire house · 4 beds,NO,179
8 blocks to Rainey! Walk downtown!,Price$80,Entire house · 8 beds,NO,180
Private room/bath - 15 minutes from downtown,Price$40,Private room · 1 bed,NO,181
Lavishly appointed master bed/bath,Price$40,Private room · 1 bed,YES,182
Chic downtown 6th St. Condo,Price$138,Entire condominium · 2 beds,YES,183
"Casa Banditos! Walk to ACL, SXSW, nightlife!!!",Price$110,Entire apartment · 2 beds,YES,184
Hyde Park Gallery Getaway,Price$94,Entire bungalow · 1 bed,YES,185
Trendy Travis Heights Flat,Price$91,Entire apartment · 1 bed,YES,186
Bennett Ave (master bedroom),Price$30,Private room · 1 bed,NO,187
Spacious Modern 1Bd Room Near Downtown & UT,Price$58,Entire apartment · 0 beds,NO,188
Clean and comfy bed & bath in S Austin,Price$32,Private room · 1 bed,NO,189
SOCO -Spacious 4BR (Austin City Hotel tax incl),Price$344,Entire house · 8 beds,YES,190
Walkable Cherrywood House close to UT and downtown,Price$33,Private room · 2 beds,NO,191
COZY BRIGHT AIRY Home 10 minutes from EVERYTHING!,Price$65,Entire house · 3 beds,YES,192
★Texas Treasure★ Walkable and 9 mins from downtown,Price$37,Entire house · 2 beds,YES,193
Cenote Studio right downtown,Price$80,Entire apartment · 2 beds,YES,194
Austin Treehouse! Walk to Everything!,Price$65,Entire house · 2 beds,NO,195
Hideaway Guest Suite-Travis Heights,Price$164,Entire house · 1 bed,YES,196
Shared Eastside house with Private Bed & Bath,Price$39,Private room · 1 queen bed,NO,197
"Keep it Simple w/2Bed, 1Bath",Price$99,Entire house · 2 beds,YES,198
7 Bedroom East Downtown House,"Price$1,050",Entire house · 9 beds,YES,199
"Twin beds, Private Room Hostel-esque Style AIRBNB",Price$26,Private room · 2 beds,YES,200
Comfy Room in Trendy South Austin,Price$50,Private room · 1 queen bed,YES,201
"PRIME walking distance from ACL, shopping, bars!",Price$94,Entire apartment · 2 beds,YES,202
1 luxurious cozy bedroom downtown/soco,Price$62,Entire apartment · 2 beds,NO,203
Epicenter of Luxury and Convenience near Downtown,Price$88,Entire apartment · 2 beds,NO,204
Two Bedroom Condo on Town Lake,Price$89,Entire condominium · 3 beds,NO,205
Cozy studio with lots to offer!,Price$75,Entire apartment · 2 beds,NO,206
Luxury Townhome★Walk ATX★Museums★Bars★Restaurants,Price$86,Entire townhouse · 8 beds,YES,207
"Open, Airy Tiny House-Central & UT!",Price$49,Entire house · 1 queen bed,YES,208
Luxury Apartment on Rainey Street w/ PARKING,Price$155,Entire apartment · 3 beds,YES,209
"MODERN 1 BEDROOM EAST MLK BLVD, NEAR DOWNTOWN/ UT",Price$74,Entire apartment · 1 bed,NO,210
"Howdy, in Hip South Lamar - South Central Austin",Price$58,Entire apartment · 3 beds,NO,211
Beautiful Brand New Home-5 Min to Downtown Austin,Price$225,Entire house · 4 beds,NO,212
East Austin Private Room,Price$30,Private room · 1 queen bed,NO,213
High End Space steps from Austin's Night Life,Price$50,Private room · 3 beds,NO,214
"Ultra Comfy Room, Downtown ATX!",Price$34,Private room · 1 bed,NO,215
Mueller Park Guest House,Price$50,Entire guesthouse · 1 king bed,YES,216
Cozy & Clean Backyard Studio in East Austin,Price$79,Entire guesthouse · 1 bed,YES,217
South Congress/South Lamar Loft,Price$49,Entire condominium · 2 beds,NO,218
"Airy, Light-filled Guest House",Price$105,Entire house · 1 bed,YES,219
The Yellow Door- 2 Blocks to Rainey St & Downtown!,Price$120,Entire house · 4 beds,NO,220
East Austin Flat w/ 3 Pools & Min from UT!,Price$87,Entire apartment · 2 beds,NO,221
Cute 1 Bed Apt near downtown - centrally located!,Price$60,Entire apartment · 2 beds,YES,222
Downtown Eastside Upgraded Home!,Price$63,Entire house · 4 beds,NO,223
"Penthouse, Modern, Hip, East Austin",Price$225,Entire condominium · 2 beds,NO,224
Beautiful Place To Stay Near Downtown Austin!,Price$80,Entire apartment · 2 beds,NO,225
Private Master Suite in East Austin,Price$45,Private room · 1 bed,YES,226
Perfectly Located SOCO Studio,Price$150,Entire apartment · 1 bed,YES,227
2 blocks to East 6th Street!,Price$85,Entire house · 10 beds,NO,228
Most Desirable Space in Downtown Austin! (C2),Price$69,Entire condominium · 4 beds,YES,229
"Eastside Spartan - Near Downtown,UT",Price$46,Entire house · 2 beds,YES,230
Tiny House 811 at MLF Community First Village,Price$50,Entire house · 2 beds,YES,231
Chic South Congress Flat,Price$39,Entire condominium · 2 beds,YES,232
St.Eds Secret Casita off S.Congress,Price$69,Entire apartment · 1 bed,NO,233
Billy Budget and Relax Room,Price$33,Private room · 1 bed,NO,234
"Heritage Hills Gem - Close in, quiet, and comfy",Price$28,Private room · 1 double bed,YES,235
South Austin Home Bedroom 1,Price$42,Private room · 1 bed,NO,236
Swanky Townhouse|3BD ★ Walk to UT & Restaurants,Price$85,Entire townhouse · 9 beds,YES,237
Home Away from Home,Price$37,Private room · 1 bed,YES,238
Eastside Guest Studio near Lake,Price$65,Entire house · 2 beds,NO,239
Green Acre in Austin,Price$55,Private room · 2 beds,NO,240
Lone Star Lodge,Price$195,Entire house · 7 beds,YES,241
"Perfect location, seconds from Downtown!",Price$36,Private room · 2 beds,NO,242
SWEET SPOT!! Central Location- Zero cleaning fee!,Price$65,Private room · 1 queen bed,YES,243
Charming Little House for 6 Near Downtown! (L4),Price$79,Entire house · 3 beds,YES,244
Relaxing Clarksville Apt - 5 min from downtown.,Price$44,Entire apartment · 1 bed,NO,245
DEEP EDDY! BEST LOCATION IN AUSTIN,Price$610,Entire house · 6 beds,YES,246
Luxury 5 BR Home in the Heart of Austin,Price$349,Entire house · 9 beds,NO,247
Remarkably Beautiful Spot on Hip East Side! (P4),Price$69,Entire house · 4 beds,YES,248
Downtown Single Malt Manor!!,Price$250,Entire house · 15 beds,YES,249
Marfa-Inspired Home (Walk to ACL & Downtown!),Price$99,Entire house · 1 bed,YES,250
The Treecycle,Price$98,Entire house · 1 queen bed,NO,251
Super Hip South Austin Studio,Price$45,Private room · 2 beds,YES,252
Private Room in Central East Austin,Price$35,Private room · 1 bed,YES,271
Easy Access to Austin Living,Price$36,Private room · 4 beds,YES,272
"ACL, Safe, Clean, Quiet & Free Parking",Price$39,Private room · 1 bed,NO,273
Tree House in East Austin!,Price$50,Entire house · 2 beds,NO,274
"Walk to UT, restaurants, bars, museums ★ 3Bedroom",Price$19,Entire townhouse · 4 beds,YES,275
Big House Close to Downtown Austin,Price$54,Private room · 1 bed,NO,276
"Spacious, Private Master Suite in East Austin",Price$39,Private room · 2 beds,YES,277
"50 - Luxury 1 Bedroom, 1 Bath University Park",Price$65,Entire apartment · 2 beds,YES,278
South Congress Downtown View,Price$75,Private room · 2 beds,YES,279
Charming Home in the ❤️ of ATX | Parking Included!,Price$155,Entire condominium · 3 beds,YES,280
Excellent base camp for Austin fun,Price$65,Private room · 1 bed,YES,281
Downtown Austin Escape - 3 blocks to 6th (2BD/2BA),Price$90,Entire apartment · 6 beds,NO,282
Luxury 19th Floor High Rise - 2Bed Apartment,Price$150,Entire apartment · 2 beds,NO,283
NAKRY,Price$67,Entire apartment · 1 bed,NO,284
Tiny House: Easy access to Eastside & Downtown ATX,Price$62,Entire house · 1 bed,YES,285
Austin Haphazard near downtown & s congress,Price$40,Private room · 1 bed,YES,286
Stylish 1 Bed Apt near downtown- centrally located,Price$59,Entire apartment · 1 bed,YES,287
Cozy Value Space w/ Pool - 2 Bath - 7 Min to DT,Price$65,Entire condominium · 5 beds,NO,288
Luxury 19th Floor High Rise - 2Bed Apartment,Price$150,Entire apartment · 2 beds,NO,289
NAKRY,Price$67,Entire apartment · 1 bed,NO,290
Tiny House: Easy access to Eastside & Downtown ATX,Price$62,Entire house · 1 double bed,YES,291
Austin Haphazard near downtown & s congress,Price$40,Private room · 1 queen bed,YES,292
Stylish 1 Bed Apt near downtown- centrally located,Price$59,Entire apartment · 1 king bed,YES,293
Cozy Value Space w/ Pool - 2 Bath - 7 Min to DT,Price$65,Entire condominium · 5 beds,NO,294
Quaint South side abode,Price$48,Private room · 2 beds,NO,295
Comfy room near UT and downtown,Price$50,Private room · 1 bed,YES,296
Cozy Bedroom in Central Austin,Price$45,Private room · 1 bed,YES,297
Rock 'n Roll Central,Price$69,Entire apartment · 1 queen bed,YES,298
Modern East Austin Space,Price$25,Entire condominium · 4 beds,NO,299
"Walk to 6th, Rainey St and Convention Ctr",Price$95,Entire apartment · 2 beds,YES,300
Central Austin 2Br Luxury Townhouse ★ Walk Austin!,Price$85,Entire townhouse · 2 beds,YES,301
Luxury 1Bedroom HotSpot Downtown/Rainey,Price$77,Entire condominium · 2 beds,NO,302
Cozy Corner Central Burnet Corridor,Price$48,Entire apartment · 2 beds,NO,303
Fantastic 5BD Austin Home near Rainey St. and Lake,Price$125,Entire house · 6 beds,YES,304
"Comfortable 1 bedroom, South Austin Apt.",Price$38,Entire apartment · 1 bed,NO,305
Private and Charming Travis Heights Bedroom,Price$39,Private room · 1 bed,YES,306
Luxury 19th Floor High Rise - 2Bed Apartment,Price$150,Entire apartment · 2 beds,NO,307
NAKRY,Price$67,Entire apartment · 1 bed,NO,308
Tiny House: Easy access to Eastside & Downtown ATX,Price$62,Entire house · 1 bed,YES,309
Austin Haphazard near downtown & s congress,Price$40,Private room · 1 bed,YES,310
Stylish 1 Bed Apt near downtown- centrally located,Price$59,Entire apartment · 1 bed,YES,311
Cozy Value Space w/ Pool - 2 Bath - 7 Min to DT,Price$65,Entire condominium · 5 beds,NO,312
Quaint South side abode,Price$48,Private room · 2 beds,NO,313
Comfy room near UT and downtown,Price$50,Private room · 1 bed,YES,314
Cozy Bedroom in Central Austin,Price$45,Private room · 1 bed,YES,315
Rock 'n Roll Central,Price$69,Entire apartment · 1 bed,YES,316
Modern East Austin Space,Price$25,Entire condominium · 4 beds,NO,317
"Walk to 6th, Rainey St and Convention Ctr",Price$95,Entire apartment · 2 beds,YES,318
Central Austin 2Br Luxury Townhouse ★ Walk Austin!,Price$85,Entire townhouse · 2 beds,YES,319
Luxury 1Bedroom HotSpot Downtown/Rainey,Price$77,Entire condominium · 2 beds,NO,320
Cozy Corner Central Burnet Corridor,Price$48,Entire apartment · 2 beds,NO,321
Fantastic 5BD Austin Home near Rainey St. and Lake,Price$125,Entire house · 6 beds,YES,322
"Comfortable 1 bedroom, South Austin Apt.",Price$38,Entire apartment · 1 bed,NO,323
Private and Charming Travis Heights Bedroom,Price$39,Private room · 1 bed,YES,324
HomeName.name,Price.price,Space.room,Superhost,rank
